date,port_ret,port_ret_net,nav,value
20250409,0.014093081250148787,0.013593081250148787,1.0135930812501488,10135930.812501488
20250410,-0.005625757350837977,-0.0061257573508379775,1.0073840559819223,10073840.559819223
20250411,0.011057512568079873,0.010557512568079873,1.0180195258138347,10180195.258138347
20250414,0.0019992500115519744,0.0014992500115519744,1.0195457915996713,10195457.915996714
20250415,-0.002418526113544117,-0.002918526113544117,1.0165702205829337,10165702.205829337
20250416,-0.0039762802442200465,-0.004476280244220046,1.0120197673876759,10120197.673876759
20250417,-0.0007416044756973478,-0.0012416044756973477,1.0107632391149932,10107632.391149933
20250418,-0.0024920974306564016,-0.0029920974306564016,1.0077389370242353,10077389.370242354
20250421,-0.0010828621805098427,-0.0015828621805098427,1.0061438251729924,10061438.251729924
20250422,0.0024257224444554836,0.0019257224444554836,1.0080813789194785,10080813.789194785
20250423,-0.00044070316807235847,-0.0009407031680723585,1.0071330735726542,10071330.735726543
20250424,0.0003756423755533605,-0.00012435762444663949,1.007007828896123,10070078.28896123
20250425,-0.00183789984406484,-0.0023378998440648398,1.0046535454499748,10046535.454499748
20250428,-0.0045597666471761,-0.005059766647176099,0.9995702329487397,9995702.329487396
20250429,0.0015456483508285185,0.0010456483508285185,1.0006154319143599,10006154.319143599
20250430,0.005795675052859034,0.0052956750528590345,1.0059143660946546,10059143.660946546
20250506,0.008535372458131137,0.008035372458131136,1.01399726268721,10139972.6268721
20250507,-0.002276402245464188,-0.002776402245464188,1.0111819984101906,10111819.984101906
20250508,-0.0005602283879191594,-0.0010602283879191593,1.0101099145501233,10101099.145501234
20250509,0.005222541812216352,0.004722541812216352,1.0148802008565205,10148802.008565206
20250512,0.007353127297014417,0.006853127297014417,1.0218353040642099,10218353.0406421
20250513,0.000999908110500436,0.0004999081105004359,1.0223461278203072,10223461.278203072
20250514,-0.0026100100655769174,-0.0031100100655769175,1.0191666210722825,10191666.210722825
20250515,0.001950141640013281,0.001450141640013281,1.020644557027611,10206445.57027611
20250516,0.003979187896252056,0.0034791878962520564,1.0241955712167972,10241955.71216797
20250519,0.005062186406605629,0.004562186406605629,1.028868142329508,10288681.42329508
20250520,-0.001121681014738396,-0.001621681014738396,1.0271996463964232,10271996.463964233
20250521,-0.0013304611466394612,-0.0018304611466394612,1.0253193973538528,10253193.973538527
20250522,-0.0006235505792737128,-0.0011235505792737128,1.0241673991510154,10241673.991510155
20250523,0.0017333982713141239,0.0012333982713141239,1.0254306054506646,10254306.054506646
20250526,0.0034864157213385094,0.0029864157213385094,1.028492967531924,10284929.675319241
20250527,-0.00013579011484339266,-0.0006357901148433926,1.0278390618699813,10278390.618699813
20250528,0.00034839058587183836,-0.00015160941412816165,1.027683231791993,10276832.31791993
20250529,-0.00034828800541395475,-0.0008482880054139548,1.026811460433099,10268114.604330989
20250530,-0.004002662451195049,-0.004502662451195049,1.0221880750257502,10221880.750257501
20250603,0.003131179726551214,0.002631179726551214,1.0248776355654803,10248776.355654802
20250604,-0.000815010721139997,-0.001315010721139997,1.023529910486855,10235299.10486855
20250605,0.0010139789206570216,0.0005139789206570215,1.0240559832855072,10240559.832855072
20250606,0.0019123183607164696,0.0014123183607164696,1.0255022763531028,10255022.763531027
20250609,0.0014197234371604583,0.0009197234371604583,1.0264454548315263,10264454.548315262
20250610,0.002014070474098806,0.001514070474098806,1.0279995655879597,10279995.655879596
20250611,-0.0018179658718574742,-0.002317965871857474,1.0256166976786425,10256166.976786425
20250612,0.0016792866484166779,0.0011792866484166779,1.026826193756608,10268261.937566081
20250613,0.001197055065060082,0.0006970550650600819,1.0275419481559025,10275419.481559025
20250616,0.0037467888907833035,0.0032467888907833035,1.0308781599379888,10308781.599379888
20250617,-0.00408949025214912,-0.004589490252149119,1.0261469546717998,10261469.546717998
20250618,-0.00008364080205809365,-0.0005836408020580936,1.0255480534401458,10255480.534401458
20250619,0.0006122125932837674,0.00011221259328376737,1.0256631328467594,10256631.328467594
20250620,-0.004532546786783687,-0.005032546786783687,1.0205014351432289,10205014.351432288
20250623,0.0029453342183213605,0.0024453342183213605,1.0229969022224306,10229969.022224305
20250624,0.0027874511459312413,0.0022874511459312413,1.0253369576587033,10253369.576587033
20250625,0.0006989434863301835,0.00019894348633018352,1.025540941767723,10255409.417677231
20250626,0.0037657180863641003,0.0032657180863641003,1.0288900693695606,10288900.693695607
20250627,0.005889441998110989,0.00538944199811099,1.0344352127208603,10344352.127208602
20250630,0.0013041874402464292,0.0008041874402464292,1.0352670925266791,10352670.925266791
20250701,0.00318346000809695,0.00268346000809695,1.0380451903671732,10380451.903671732
20250702,0.0037409782635974055,0.0032409782635974054,1.041409472265785,10414094.72265785
20250703,-0.00028354981977875006,-0.00078354981977875,1.0405934760614752,10405934.760614753
20250704,-0.0005532264009707966,-0.0010532264009707965,1.0394974955398093,10394974.955398094
20250707,0.0016992893187842916,0.0011992893187842916,1.0407441537831132,10407441.537831133
20250708,0.009799460437298568,0.009299460437298568,1.050422512866569,10504225.12866569
20250709,-0.00046039913720554717,-0.0009603991372055472,1.0494136879915106,10494136.879915105
20250710,0.0010049145433444595,0.0005049145433444595,1.0499435522245621,10499435.522245621
20250711,0.001890643525254887,0.001390643525254887,1.0514036494273464,10514036.494273465
20250714,-0.0010411185482086637,-0.0015411185482086638,1.0497833117615596,10497833.117615595
20250715,0.0018378522017081012,0.0013378522017081012,1.0511877666765161,10511877.66676516
20250716,0.0007251299993873417,0.00022512999938734167,1.051424420577784,10514244.20577784
20250717,0.0013616624902559548,0.0008616624902559548,1.0523303935623352,10523303.935623351
20250718,0.002940931297988547,0.002440931297988547,1.0548990597558061,10548990.59755806
20250721,0.0024628949822006695,0.0019628949822006695,1.056969715826929,10569697.158269288
20250722,0.000608998931721394,0.00010899893172139396,1.057084924396816,10570849.243968159
20250723,0.003229510564076066,0.002729510564076066,1.0599702488650826,10599702.488650827
20250724,0.0013264589472457566,0.0008264589472457566,1.0608462707610715,10608462.707610715
20250725,0.001815562481719879,0.001315562481719879,1.0622418803137572,10622418.803137572
20250728,0.0011519597701866169,0.0006519597701866169,1.0629344192859291,10629344.192859292
20250729,0.0006840186270131943,0.00018401862701319428,1.0631300190183712,10631300.190183712
20250730,-0.000626632557817397,-0.0011266325578173971,1.061932262125752,10619322.621257521
20250731,0.001407372566218812,0.0009073725662188119,1.0628958303275877,10628958.303275878
20250801,-0.0016687890163572417,-0.002168789016357242,1.0605906335252413,10605906.335252414
20250804,0.0035946966512048427,0.0030946966512048427,1.0638728398071111,10638728.39807111
20250805,0.00228209514478529,0.0017820951447852901,1.0657687624296004,10657687.624296004
20250806,0.005917888507592029,0.005417888507592028,1.0715429787593183,10715429.787593182
20250807,0.001776462373498089,0.001276462373498089,1.0729107630532906,10729107.630532905
20250808,0.0056812967952659995,0.005181296795265999,1.078469832151505,10784698.32151505
20250811,0.0018465326032542251,0.0013465326032542251,1.079922026942123,10799220.269421231
20250812,0.0033771844025705655,0.0028771844025705655,1.0830291617540333,10830291.617540333
20250813,0.0008642752411278098,0.00036427524112780984,1.0834236824630799,10834236.824630799
20250814,-0.000059499954336761364,-0.0005594999543367614,1.0828175069622143,10828175.069622144
20250815,0.0030796992447226224,0.0025796992447226223,1.0856108504670972,10856108.504670972
20250818,0.005278045729580327,0.004778045729580327,1.0907979487551576,10907979.487551576
20250819,-0.0005524409186517976,-0.0010524409186517976,1.0896499483599063,10896499.483599063
20250820,0.0014930749750581506,0.0009930749750581506,1.090732052455196,10907320.52455196
20250821,-0.00017012404643774738,-0.0006701240464377473,1.0900011266786254,10900011.266786253
20250822,0.001294531040214031,0.0007945310402140309,1.0908671664076397,10908671.664076397
20250825,0.0008320560342074179,0.0003320560342074179,1.091229395432764,10912293.954327641
20250826,0.003309491692840505,0.002809491692840505,1.0942951953542157,10942951.953542158
20250827,0.003663268170494527,0.003163268170494527,1.0977567445148049,10977567.445148049
20250828,0.002027696502632148,0.001527696502632148,1.099433783654141,10994337.83654141
20250829,0.00427799177612469,0.0037779917761246898,1.10358743544718,11035874.354471799
20250901,0.0007612951678711233,0.0002612951678711233,1.1038757975113855,11038757.975113856
20250902,0.0028749912316865635,0.0023749912316865635,1.1064974928513462,11064974.928513462
20250903,0.002556808253488141,0.002056808253488141,1.108773346027107,11087733.46027107
20250904,0.0006869284189821801,0.00018692841898218006,1.1089806072756894,11089806.072756894
20250905,-0.0004905278756907938,-0.000990527875690794,1.1078821310705824,11078821.310705824
20250908,-0.002452347481146022,-0.002952347481146022,1.1046112780515094,11046112.780515093
20250909,0.0004369180251223237,-0.0000630819748776763,1.1045415969906178,11045415.969906177
20250910,-0.0008553991419573692,-0.0013553991419573692,1.1030445022578006,11030445.022578007
20250911,0.0016804304802649828,0.0011804304802649828,1.1043465696093544,11043465.696093544
20250912,0.005891484073104136,0.005391484073104136,1.1103006365505905,11103006.365505906
20250915,0.00232092887974118,0.00182092887974118,1.1123224150448807,11123224.150448807
20250916,-0.0006240905935863794,-0.0011240905935863794,1.1110720638810934,11110720.638810934
20250917,-0.0010355237344953027,-0.0015355237344953027,1.1093659863562693,11093659.863562692
20250918,0.00947436237353989,0.00897436237353989,1.11932183872271,11193218.3872271
20250919,0.0018333043899964596,0.0013333043899964596,1.120814235444098,11208142.35444098
20250922,-0.0007919575607890028,-0.0012919575607890027,1.119366191018376,11193661.910183761
20250923,0.000050609698764059184,-0.00044939030123594085,1.118863158708601,11188631.58708601
20250924,0.00012849370164289554,-0.0003715062983571045,1.118447493998141,11184474.93998141
20250925,0.00040116196293611407,-0.00009883803706388594,1.1183369488432753,11183369.488432752
20250926,0.00010766428616479918,-0.00039233571383520086,1.1178981853181424,11178981.853181424
20250929,0.0012240235518485632,0.0007240235518485632,1.1187075699328817,11187075.699328817
20250930,0.008950517567278559,0.008450517567278559,1.128161227905247,11281612.279052472
20251009,-0.00021129853888385286,-0.0007112985388838529,1.1273587684722126,11273587.684722126
20251010,-0.020858242870343137,-0.021358242870343137,1.103280366093172,11032803.66093172
20251013,0.004644789994208853,0.0041447899942088536,1.1078532315153622,11078532.315153621
20251014,0.00018595023549394796,-0.00031404976450605205,1.1075053104688977,11075053.104688976
20251015,-0.0004641680806247384,-0.0009641680806247384,1.106437489199421,11064374.89199421
20251016,0.00025397100460257117,-0.00024602899539742884,1.1061652734954834,11061652.734954834
20251017,0.0030109348263228307,0.0025109348263228307,1.108942782404372,11089427.824043721
20251020,-0.00026146989057564964,-0.0007614698905756497,1.1080983558652,11080983.558652
20251021,-0.0012605263914496235,-0.0017605263914496235,1.1061475194653774,11061475.194653774
20251022,0.0029095828434957173,0.0024095828434957172,1.1088128735506566,11088128.735506566
20251023,-0.001094692775962236,-0.001594692775962236,1.1070446576713113,11070446.576713113
20251024,0.004205969261795039,0.003705969261795039,1.1111473311440756,11111473.311440757
20251027,0.0010078829456355409,0.0005078829456355409,1.1117116639236522,11117116.639236521
20251028,0.0005857843319300948,0.00008578433193009484,1.1118070313660409,11118070.31366041
20251029,0.008093037842785967,0.007593037842785966,1.1202490242290788,11202490.242290787
20251030,0.00007956725048512414,-0.0004204327495148759,1.1197780348516808,11197780.348516809
20251031,0.00028494768890979794,-0.00021505231109020207,1.119537223997378,11195372.23997378
20251103,-0.0001869183594754853,-0.0006869183594754853,1.118768193324098,11187681.93324098
20251104,-0.003598372336376754,-0.004098372336376754,1.1141830647097604,11141830.647097604
20251105,0.003243526182557299,0.002743526182557299,1.1172398551199534,11172398.551199533
20251106,-0.002725854422790619,-0.003225854422790619,1.1136358019919967,11136358.019919967
20251107,0.0012011802348583234,0.0007011802348583234,1.1144166614051843,11144166.614051843
20251110,0.0010204755905540818,0.0005204755905540818,1.1149966880751525,11149966.880751526
20251111,-0.000055256006637915966,-0.000555256006637916,1.1143775794667174,11143775.794667175
20251112,-0.0005955778024120506,-0.0010955778024120506,1.113156692127148,11131566.92127148
20251113,-0.00232507373122095,-0.00282507373122095,1.1100119423974868,11100119.423974868
20251114,0.002700666834290788,0.002200666834290788,1.1124547088647878,11124547.088647878
20251117,0.0030899004613719637,0.0025899004613719637,1.115335855828532,11153358.55828532
20251118,0.0007547890793753065,0.0002547890793753065,1.1156200312244329,11156200.31224433
20251119,0.002134492316873726,0.001634492316873726,1.1174435035940196,11174435.035940196
20251120,-0.006262887812688666,-0.006762887812688667,1.1098863585421954,11098863.585421953
20251121,0.0064052052596640045,0.005905205259664004,1.116440465304288,11164404.65304288
20251124,0.0029433811140438413,0.0024433811140438413,1.119168354852167,11191683.54852167
20251125,0.002026814700487001,0.001526814700487001,1.1208771175486751,11208771.17548675
20251126,-0.0009501358881791489,-0.001450135888179149,1.119251693414279,11192516.93414279
20251127,-0.0008623204138718754,-0.0013623204138718753,1.1177269139840802,11177269.139840802
20251128,0.002580423314226621,0.002080423314226621,1.1200522591148712,11200522.591148712
20251201,-0.0017688829233703518,-0.002268882923370352,1.117510991670883,11175109.916708829
20251202,-0.0008261150518831583,-0.0013261150518831585,1.1160290435241833,11160290.435241833
20251203,-0.0029542955916202263,-0.0034542955916202264,1.1121739493190175,11121739.493190175
20251204,0.0007497413384688234,0.00024974133846882344,1.1124517051297305,11124517.051297305
20251205,0.0018795243850177723,0.0013795243850177722,1.1139863593841117,11139863.593841117
20251208,0.000596392920055866,0.00009639292005586596,1.1140937397821953,11140937.397821954
20251209,-0.002372263470214975,-0.002872263470214975,1.1108937690310237,11108937.690310236
20251210,0.0004166567251551845,-0.00008334327484481552,1.1108011835063079,11108011.83506308
20251211,0.010479074634476481,0.009979074634476481,1.1218859514205821,11218859.51420582
20251212,-0.0031832194371419487,-0.0036832194371419487,1.1177537992780533,11177537.992780533
20251215,-0.000835513901607321,-0.001335513901607321,1.116261023540543,11162610.23540543
20251216,0.001067025167720803,0.000567025167720803,1.1168939716346362,11168939.716346363
20251217,-0.0013203577683179146,-0.0018203577683179146,1.1148608250169836,11148608.250169836
20251218,-0.0006285688316553962,-0.0011285688316553962,1.1136026278382358,11136026.27838236
20251219,0.006072846119319841,0.0055728461193198416,1.1198085639212485,11198085.639212485
20251222,-0.00034379277296767705,-0.0008437927729676771,1.1188636775479044,11188636.775479045
20251223,-0.00043936512818962823,-0.0009393651281896282,1.117812656026018,11178126.56026018
20251224,0.004779514593585854,0.004279514593585854,1.1225963516003763,11225963.516003763
20251225,0.0015641002445064278,0.0010641002445064278,1.1237909066525962,11237909.066525962
20251226,0.002554542593674225,0.002054542593674225,1.1260997829366977,11260997.829366976
20251229,-0.0007688098027388679,-0.0012688098027388679,1.1246709764932454,11246709.764932454
20251230,0.005612611798993106,0.005112611798993106,1.13042098259765,11304209.825976498
20251231,0.001662719036489424,0.0011627190364894239,1.1317353445933631,11317353.44593363
20260105,-0.00012134696957101232,-0.0006213469695710123,1.1310321442666436,11310321.442666436
20260106,0.0006612217057797465,0.00016122170577974652,1.131214491198234,11312144.91198234
20260107,-0.001719969213606043,-0.002219969213606043,1.128703229853789,11287032.29853789
20260108,0.0007409010784213521,0.00024090107842135206,1.1289751356790785,11289751.356790785
20260109,0.0036034793409826294,0.0031034793409826294,1.1324788866891415,11324788.866891416
20260112,0.0010088473676211462,0.0005088473676211462,1.13305514558952,11330551.455895199
20260113,0.0007388489585349323,0.00023884895853493225,1.1333257746310066,11333257.746310066
20260114,-0.0028691003948182582,-0.0033691003948182583,1.1295074863162395,11295074.863162395
20260115,0.0011155630135669448,0.0006155630135669448,1.1302027693483627,11302027.693483626
20260116,0.0007947674619611545,0.0002947674619611545,1.130535916350185,11305359.16350185
20260119,0.0008187945942912056,0.0003187945942912056,1.1308963250889694,11308963.250889694
20260120,-0.0040542864231081,-0.0045542864231081,1.1257458993096738,11257458.993096739
20260121,0.0010995215452456741,0.0005995215452456741,1.126420808230782,11264208.082307821
20260122,0.0015840256835904065,0.0010840256835904065,1.127641877317435,11276418.773174351
20260123,0.0019782642815830754,0.0014782642815830754,1.1293088300270908,11293088.300270908
20260126,-0.0032355168010880786,-0.0037355168010880786,1.1250902779189076,11250902.779189076
20260127,0.00033344616711525885,-0.00016655383288474116,1.124902889820779,11249028.89820779
20260128,-0.0019389999930768064,-0.0024389999930768064,1.1221592516802938,11221592.516802939
20260129,-0.0022641279606602114,-0.0027641279606602114,1.119057459916411,11190574.59916411
20260130,-0.00045565981114478185,-0.0009556598111447819,1.117988021675607,11179880.21675607
20260202,-0.0007751699432811621,-0.001275169943281162,1.116562396953418,11165623.96953418
20260203,-0.0008131540995555131,-0.0013131540995555131,1.115096178464449,11150961.78464449
20260204,0.0008525463006046396,0.0003525463006046396,1.115489301496985,11154893.014969852
20260205,-0.00018513893574629848,-0.0006851389357462984,1.114725036344121,11147250.36344121
20260206,0.00498432807447754,0.00448432807447754,1.1197238291199219,11197238.291199218
20260209,0.002574722269568708,0.002074722269568708,1.1220469450839636,11220469.450839637
20260210,-0.0010412507058491839,-0.0015412507058491839,1.120317589437857,11203175.894378569
20260211,0.003351148350052002,0.002851148350052002,1.123511781084517,11235117.81084517
20260212,-0.002168476178625767,-0.002668476178625767,1.1205137166602877,11205137.166602876
20260213,0.006795722516273894,0.0062957225162738936,1.1275681600960594,11275681.600960594
20260224,0.01401327255857594,0.013513272558575939,1.1428052959718096,11428052.959718095
20260225,0.001569891809134094,0.001069891809134094,1.1440279739974049,11440279.739974048
20260226,-0.00044145664250976323,-0.0009414566425097633,1.142950921262068,11429509.212620681
20260227,-0.008106190703325512,-0.008606190703325512,1.1331144676691451,11331144.676691452
20260302,0.0028115796506738453,0.0023115796506738453,1.1357337520144932,11357337.520144932
20260303,-0.006709184110346411,-0.007209184110346411,1.1275460382958862,11275460.382958861
20260304,0.010442922916188114,0.009942922916188113,1.1387571416391153,11387571.416391153
20260305,-0.002435858564152393,-0.002935858564152393,1.1354139117323445,11354139.117323445
20260306,-0.008063734783535304,-0.008563734783535304,1.1256905281227323,11256905.281227322
20260309,0.0073045817506917745,0.006804581750691775,1.133350381347323,11333503.813473228
20260310,0.0028790105739618377,0.0023790105739618377,1.136046633888552,11360466.33888552
20260311,0.0014939897159423677,0.0009939897159423677,1.1371758525594682,11371758.525594682
20260312,0.0018244217107087567,0.0013244217107087567,1.1386819529474916,11386819.529474916
20260313,-0.0017155637027096659,-0.002215563702709666,1.1361591305436105,11361591.305436105
20260316,0.0033188975190459823,0.0028188975190459823,1.1393618466979414,11393618.466979414
20260317,-0.0010990983856252966,-0.0015990983856252966,1.1375398950082436,11375398.950082436
20260318,-0.008540551923894624,-0.009040551923894625,1.1272559065219199,11272559.0652192
20260319,0.002475137462136512,0.001975137462136512,1.129482391892306,11294823.91892306
20260320,-0.008868084979940382,-0.009368084979940383,1.1189013048617127,11189013.048617126
20260323,0.01775072363241157,0.01725072363241157,1.1382031620438267,11382031.620438267
20260324,0.0025132192719410917,0.0020132192719410917,1.1404946145850376,11404946.145850377
20260325,0.002639677902102189,0.002139677902102189,1.1429349057093316,11429349.057093317
20260326,-0.004369993390467774,-0.004869993390467774,1.1373688202727923,11373688.202727923
20260327,-0.006945651140903164,-0.0074456511409031634,1.1289003688185006,11289003.688185006
20260330,0.006286869114193794,0.005786869114193793,1.1354331674958185,11354331.674958184
20260331,0.01270185624909037,0.01220185624909037,1.149287559786052,11492875.597860519
20260401,0.001415592983422842,0.0009155929834228421,1.1503398394117272,11503398.394117272
20260402,0.003100070624914841,0.002600070624914841,1.1533308042368509,11533308.042368509
20260403,-0.0013262759559683145,-0.0018262759559683145,1.1512245039197955,11512245.039197955
20260407,0.013332969941007255,0.012832969941007254,1.165998133373949,11659981.333739491
20260408,-0.0008094483823355203,-0.0013094483823355204,1.1644713190043963,11644713.190043963
20260409,0.004783926172697605,0.004283926172697605,1.169459828165235,11694598.28165235
20260410,-0.0019196667870627904,-0.0024196667870627904,1.1666301250602196,11666301.250602195
20260413,0.0040573535889092405,0.0035573535889092405,1.1707802409225323,11707802.409225322
20260414,0.0030061153694499244,0.0025061153694499244,1.1737143512785566,11737143.512785567
20260415,0.0010319097884238237,0.0005319097884238237,1.1743386614308151,11743386.61430815
20260416,0.0006426408536918226,0.0001426408536918226,1.1745061701000048,11745061.701000048
20260417,-0.0009888230961612398,-0.0014888230961612398,1.172757538187376,11727575.38187376
20260420,-0.00009160514993376002,-0.00059160514993376,1.1720637287881608,11720637.287881607
20260421,-0.001173870998912785,-0.001673870998912785,1.1701018453036647,11701018.453036647
20260422,-0.0005928825796798875,-0.0010928825796798875,1.168823061380481,11688230.613804812
20260423,-0.0011474740872456702,-0.0016474740872456702,1.1668974556742817,11668974.556742817
20260424,0.00385758701473059,0.00335758701473059,1.1708154154189758,11708154.154189758
20260427,0.007707416803048128,0.0072074168030481275,1.1792539701173341,11792539.70117334
20260428,-0.004663634195286881,-0.005163634195286881,1.1731647339923084,11731647.339923084
20260429,0.0007656651227379907,0.00026566512273799067,1.1734764029453564,11734764.029453564
20260430,0.00827586321342123,0.0077758632134212295,1.182601194938837,11826011.949388372
20260506,0.010124650998147688,0.009624650998147688,1.1939833187101159,11939833.18710116
20260507,0.0062366669583123644,0.005736666958312365,1.2008328033633362,12008328.033633363
20260508,-0.0018224229474928966,-0.002322422947492897,1.198043961704703,11980439.617047029
20260511,0.015701882213389518,0.015201882213389518,1.2162564848970003,12162564.848970003
20260512,0.00946424866214417,0.00896424866214417,1.2271593104645624,12271593.104645625
20260513,0.0005768069783936957,0.00007680697839369571,1.2272535648632068,12272535.648632068
20260514,0.0004961730146737064,-3.8269853262936065e-6,1.2272488681818223,12272488.681818223
20260515,-0.003403554963026012,-0.003903554963026012,1.2224582347715631,12224582.347715631
20260518,0.003633540714842276,0.003133540714842276,1.226288857422414,12262888.57422414
20260519,-0.000055586073787738946,-0.000555586073787739,1.2256075484107891,12256075.484107891
20260520,0.007150228402549174,0.006650228402549174,1.2337581185396091,12337581.185396092
20260521,0.004349879120855327,0.0038498791208553267,1.2385079381603608,12385079.381603608
20260522,0.0016204022098950555,0.0011204022098950555,1.239895565191248,12398955.65191248
20260525,-0.006420180572750489,-0.006920180572750489,1.2313152639887721,12313152.63988772
20260526,-0.014641269996195827,-0.015141269996195828,1.212671587126281,12126715.87126281
20260527,-0.010742483562886507,-0.011242483562886508,1.1990381467408342,11990381.467408342
20260528,0.006486852176475266,0.005986852176475266,1.2062166108793264,12062166.108793264
20260529,0.014349498898163693,0.013849498898163693,1.2229221065026463,12229221.065026464
20260601,0.006116145300291254,0.005616145300291253,1.2297902147437034,12297902.147437034
20260602,-0.012725277889199072,-0.013225277889199073,1.2135258974083003,12135258.974083003
20260603,-0.01771568710203909,-0.01821568710203909,1.1914206893708894,11914206.893708894
20260604,-0.000496931335371087,-0.000996931335371087,1.1902329247520462,11902329.247520462
20260605,-0.04172271659063367,-0.04222271659063367,1.1399780572933995,11399780.572933994
20260608,0.018470522101878918,0.017970522101878918,1.1604640581676475,11604640.581676476
20260609,-0.02275624576240285,-0.02325624576240285,1.1334760208324655,11334760.208324654
20260610,-0.017841910842200204,-0.018341910842200205,1.1126859047165845,11126859.047165845
20260611,0.006050359127116933,0.005550359127116933,1.1188617110834425,11188617.110834425
20260612,0.018839857423551033,0.018339857423551032,1.1393814753413831,11393814.753413832
20260615,0.008855443904454951,0.00835544390445495,1.148901513344373,11489015.13344373
20260616,-0.0013250592567242258,-0.0018250592567242258,1.1468047000023793,11468047.000023793
20260617,-0.008265555322602513,-0.008765555322602514,1.136752319960288,11367523.19960288
20260618,0.006005009079981227,0.0055050090799812264,1.1430101518033593,11430101.518033594
20260622,-0.011465873566311503,-0.011965873566311503,1.1293330368418697,11293330.368418697
20260623,-0.004934696352786039,-0.005434696352786039,1.1231954547054643,11231954.547054643
20260624,0.005978241470210565,0.005478241470210565,1.129348590624584,11293485.906245839
20260625,-0.00831324757491625,-0.00881324757491625,1.1193953618970267,11193953.618970267
20260626,0.0076382625817206454,0.007138262581720645,1.127385899923008,11273858.99923008
